LHCN,LIR,logLHCN,logLIR
1786257.2826550100,297467391.338928,6.2519440124,8.473439